{
  "experiment_date": "2025-12-11T16:34:07.253755",
  "dataset": {
    "total_sequences": 2783,
    "num_students": 49,
    "features": [
      "sleep_hours",
      "exercise_minutes",
      "steps_count",
      "screen_time_hours",
      "social_interactions",
      "work_hours"
    ]
  },
  "models_tested": [
    "LSTM",
    "BiLSTM",
    "GRU",
    "Transformer",
    "CNN-LSTM",
    "MLP"
  ],
  "results": {
    "LSTM": {
      "mae_mean": 165.25448623519395,
      "mae_std": 3.4181662453447195,
      "rmse_mean": 669.629242470374,
      "r2_mean": 0.47658743552598404,
      "r2_std": 0.030134199879034217
    },
    "BiLSTM": {
      "mae_mean": 163.75867588562951,
      "mae_std": 3.366621775423227,
      "rmse_mean": 664.4880535771842,
      "r2_mean": 0.4771076285277271,
      "r2_std": 0.03050054961927898
    },
    "GRU": {
      "mae_mean": 162.6652724367351,
      "mae_std": 3.9781016953018233,
      "rmse_mean": 663.1143823388604,
      "r2_mean": 0.48308439387472957,
      "r2_std": 0.030140472213272918
    },
    "Transformer": {
      "mae_mean": 161.71221601743997,
      "mae_std": 5.604069524333535,
      "rmse_mean": 665.6074749402093,
      "r2_mean": 0.4791784004508745,
      "r2_std": 0.0344755263888912
    },
    "CNN-LSTM": {
      "mae_mean": 166.97479936230405,
      "mae_std": 3.0424659155101965,
      "rmse_mean": 681.4166519595908,
      "r2_mean": 0.4652653508348301,
      "r2_std": 0.03160157915473073
    },
    "MLP": {
      "mae_mean": 164.42259644032512,
      "mae_std": 2.764936431059328,
      "rmse_mean": 666.1457681034095,
      "r2_mean": 0.47337725962118427,
      "r2_std": 0.026522915545050266
    }
  },
  "ranking": [
    [
      "GRU",
      0.48308439387472957
    ],
    [
      "Transformer",
      0.4791784004508745
    ],
    [
      "BiLSTM",
      0.4771076285277271
    ],
    [
      "LSTM",
      0.47658743552598404
    ],
    [
      "MLP",
      0.47337725962118427
    ],
    [
      "CNN-LSTM",
      0.4652653508348301
    ]
  ],
  "best_model": {
    "name": "GRU",
    "r2": 0.48308439387472957,
    "mae": 162.6652724367351
  }
}